{"accuracy": [0.8018192052841187, 0.9076626300811768, 0.918136715888977, 0.9280595183372498, 0.9355016350746155, 0.9379823803901672, 0.9407386779785156, 0.9479051828384399, 0.9487320780754089, 0.9473538994789124, 0.9525909423828125, 0.9542447924613953, 0.9553472995758057, 0.9567254781723022, 0.9605843424797058, 0.9638919234275818, 0.9655457735061646, 0.9680264592170715, 0.9680264592170715, 0.9707828164100647, 0.9699559211730957, 0.9735391139984131, 0.9729878902435303, 0.9738147854804993, 0.9768467545509338], "loss": [0.4875568747520447, 0.2646489441394806, 0.2253175526857376, 0.20333872735500336, 0.18668441474437714, 0.17544224858283997, 0.16692396998405457, 0.1550108939409256, 0.15214002132415771, 0.14912821352481842, 0.1383400410413742, 0.13136303424835205, 0.12452348321676254, 0.12603247165679932, 0.11512448638677597, 0.10990603268146515, 0.10153912752866745, 0.09951294958591461, 0.09500737488269806, 0.09353430569171906, 0.090666763484478, 0.08382932841777802, 0.08106114715337753, 0.07899344712495804, 0.0789632573723793], "val_accuracy": [0.9185022115707397, 0.9361233711242676, 0.9361233711242676, 0.9427312612533569, 0.9427312612533569, 0.9471365809440613, 0.933920681476593, 0.933920681476593, 0.9471365809440613, 0.9405286312103271, 0.9515418410301208, 0.9471365809440613, 0.9471365809440613, 0.9449338912963867, 0.9493392109870911, 0.9383260011672974, 0.9383260011672974, 0.9493392109870911, 0.9515418410301208, 0.9405286312103271, 0.9471365809440613, 0.9449338912963867, 0.9471365809440613, 0.933920681476593, 0.9383260011672974], "val_loss": [0.24582356214523315, 0.20412689447402954, 0.1716631054878235, 0.17761872708797455, 0.1570783406496048, 0.15321595966815948, 0.17753466963768005, 0.15793277323246002, 0.15320657193660736, 0.1759658008813858, 0.13772889971733093, 0.148695170879364, 0.14753931760787964, 0.15597353875637054, 0.14442592859268188, 0.17071281373500824, 0.1612076461315155, 0.14842699468135834, 0.15695036947727203, 0.15675722062587738, 0.15674522519111633, 0.15888117253780365, 0.16404536366462708, 0.16248607635498047, 0.1677304357290268]}