{"accuracy": [0.8009923100471497, 0.9104189872741699, 0.9228224754333496, 0.9269570112228394, 0.9319183826446533, 0.9379823803901672, 0.93853360414505, 0.9468026757240295, 0.9536935091018677, 0.9484564661979675, 0.9539691209793091, 0.9536935091018677, 0.9614112377166748, 0.964167594909668, 0.963340699672699, 0.966648280620575, 0.9680264592170715, 0.9740903973579407, 0.9718853235244751, 0.9702315330505371, 0.9729878902435303, 0.9771223664283752, 0.9785005450248718, 0.9771223664283752, 0.9749172925949097], "loss": [0.5296202301979065, 0.2513905465602875, 0.2218562364578247, 0.20990543067455292, 0.18925164639949799, 0.17522458732128143, 0.17009760439395905, 0.15009023249149323, 0.13692261278629303, 0.14031051099300385, 0.13074585795402527, 0.13038378953933716, 0.11820433288812637, 0.11011265963315964, 0.10983267426490784, 0.10391132533550262, 0.09525404125452042, 0.08891724795103073, 0.08944494277238846, 0.10078977048397064, 0.08475355058908463, 0.07706504315137863, 0.07300043851137161, 0.08664098381996155, 0.0799550712108612], "val_accuracy": [0.9207048416137695, 0.9361233711242676, 0.9427312612533569, 0.9449338912963867, 0.9515418410301208, 0.9427312612533569, 0.9537444710731506, 0.9405286312103271, 0.9493392109870911, 0.9493392109870911, 0.9405286312103271, 0.9493392109870911, 0.9493392109870911, 0.9559471607208252, 0.9449338912963867, 0.9471365809440613, 0.958149790763855, 0.9603524208068848, 0.958149790763855, 0.9537444710731506, 0.9515418410301208, 0.9603524208068848, 0.9537444710731506, 0.9449338912963867, 0.9471365809440613], "val_loss": [0.2141028195619583, 0.18654826283454895, 0.16743811964988708, 0.15316852927207947, 0.14698947966098785, 0.14207196235656738, 0.15502379834651947, 0.15679696202278137, 0.15365158021450043, 0.14978285133838654, 0.16514119505882263, 0.16732871532440186, 0.14824199676513672, 0.150407612323761, 0.15412116050720215, 0.1612030565738678, 0.13202574849128723, 0.14390525221824646, 0.14877718687057495, 0.14309881627559662, 0.15579964220523834, 0.15173864364624023, 0.15481165051460266, 0.18111848831176758, 0.18179237842559814]}