{"accuracy": [0.7907938361167908, 0.8941565752029419, 0.9164829254150391, 0.9230981469154358, 0.9280595183372498, 0.9338478446006775, 0.9371554851531982, 0.9390848875045776, 0.9434950351715088, 0.9440463185310364, 0.9503858685493469, 0.9481807947158813, 0.9506615400314331, 0.9556229114532471, 0.9583792686462402, 0.9594818353652954, 0.9627894163131714, 0.96251380443573, 0.9652701020240784, 0.9671995639801025, 0.9671995639801025, 0.9683020710945129, 0.9713340401649475, 0.9721609950065613, 0.9727122187614441], "loss": [0.613838255405426, 0.29128530621528625, 0.24508455395698547, 0.22163209319114685, 0.20535549521446228, 0.19548195600509644, 0.17848116159439087, 0.1751590073108673, 0.16439664363861084, 0.1590573787689209, 0.14670716226100922, 0.1427672803401947, 0.13601581752300262, 0.1286677122116089, 0.12213484942913055, 0.11546655744314194, 0.10733838379383087, 0.10974974185228348, 0.10401883721351624, 0.100710429251194, 0.0989426001906395, 0.09623003751039505, 0.09006078541278839, 0.08705448359251022, 0.0861944928765297], "val_accuracy": [0.8832598924636841, 0.933920681476593, 0.9361233711242676, 0.9427312612533569, 0.9427312612533569, 0.9493392109870911, 0.9449338912963867, 0.9537444710731506, 0.9405286312103271, 0.9537444710731506, 0.9537444710731506, 0.9493392109870911, 0.9559471607208252, 0.958149790763855, 0.9559471607208252, 0.9493392109870911, 0.9559471607208252, 0.958149790763855, 0.9603524208068848, 0.9493392109870911, 0.9493392109870911, 0.9515418410301208, 0.958149790763855, 0.9493392109870911, 0.9559471607208252], "val_loss": [0.2893030643463135, 0.19404719769954681, 0.17757061123847961, 0.16968442499637604, 0.15845373272895813, 0.1657343953847885, 0.16615408658981323, 0.15193381905555725, 0.15061810612678528, 0.14527107775211334, 0.13573101162910461, 0.14584758877754211, 0.1501525640487671, 0.13573938608169556, 0.14611265063285828, 0.15311585366725922, 0.1432332545518875, 0.13932335376739502, 0.1497093290090561, 0.1588275134563446, 0.15400680899620056, 0.16252939403057098, 0.1495831310749054, 0.1520853191614151, 0.15591736137866974]}