{"accuracy": [0.8056780695915222, 0.9015986919403076, 0.9173098206520081, 0.9228224754333496, 0.9286108016967773, 0.9313671588897705, 0.9357773065567017, 0.9374310970306396, 0.9399117827415466, 0.9434950351715088, 0.9476295709609985, 0.9490076899528503, 0.9536935091018677, 0.9528666138648987, 0.9525909423828125, 0.9567254781723022, 0.9583792686462402, 0.9583792686462402, 0.9630650281906128, 0.9644432067871094, 0.964994490146637, 0.9660969972610474, 0.9683020710945129, 0.9683020710945129, 0.9669239521026611], "loss": [0.5631647109985352, 0.27986279129981995, 0.24163247644901276, 0.22018520534038544, 0.2054726779460907, 0.1921052783727646, 0.18064585328102112, 0.1770802140235901, 0.17562241852283478, 0.1610274463891983, 0.1556144654750824, 0.14581666886806488, 0.13779373466968536, 0.1402563899755478, 0.13338229060173035, 0.12895385921001434, 0.1278543323278427, 0.11946806311607361, 0.11423757672309875, 0.10976821929216385, 0.10707142949104309, 0.10570993274450302, 0.10034701228141785, 0.09817855060100555, 0.10464669018983841], "val_accuracy": [0.9118942618370056, 0.9361233711242676, 0.91629958152771, 0.9405286312103271, 0.9361233711242676, 0.9383260011672974, 0.9515418410301208, 0.9471365809440613, 0.9471365809440613, 0.9603524208068848, 0.9493392109870911, 0.9493392109870911, 0.9361233711242676, 0.9559471607208252, 0.9449338912963867, 0.9449338912963867, 0.9471365809440613, 0.9537444710731506, 0.9515418410301208, 0.958149790763855, 0.9471365809440613, 0.9515418410301208, 0.9515418410301208, 0.9493392109870911, 0.9449338912963867], "val_loss": [0.25721627473831177, 0.20330287516117096, 0.1953185349702835, 0.1695614904165268, 0.16936032474040985, 0.16056205332279205, 0.15932853519916534, 0.15287771821022034, 0.1470600962638855, 0.14885832369327545, 0.14608247578144073, 0.15618513524532318, 0.1729159653186798, 0.14897742867469788, 0.14793626964092255, 0.16047483682632446, 0.150270015001297, 0.16044506430625916, 0.1446409821510315, 0.14316661655902863, 0.15005716681480408, 0.14770923554897308, 0.14843733608722687, 0.14527681469917297, 0.1533740758895874]}